{"best/epoch": 140, "best/precision": 0.9219062346016536, "best/recall": 0.9419021361492876, "best/mAP_0.5": 0.9675370626886853, "best/mAP_0.5:0.95": 0.7628189725251313, "Labels": {"_type": "images/separated", "width": 2000, "height": 2000, "format": "jpg", "count": 2, "filenames": ["media/images/Labels_0_79fc34b3ebb510134bd5.jpg", "media/images/Labels_0_265644d07d636111bea7.jpg"], "captions": ["labels_correlogram.jpg", "labels.jpg"]}, "Mosaics": {"_type": "images/separated", "width": 1920, "height": 1920, "format": "jpg", "count": 3, "filenames": ["media/images/Mosaics_0_0b6cadf679e2271218ce.jpg", "media/images/Mosaics_0_373547bcd4709423a894.jpg", "media/images/Mosaics_0_4b312830cac33003fb23.jpg"], "captions": ["train_batch0.jpg", "train_batch1.jpg", "train_batch2.jpg"]}, "train/box_loss": 0.022798344492912292, "train/obj_loss": 0.0058951834216713905, "train/cls_loss": 0.001056609209626913, "metrics/precision": 0.922199524518479, "metrics/recall": 0.9416843582471367, "metrics/mAP_0.5": 0.967554021968387, "metrics/mAP_0.5:0.95": 0.7628795367642942, "val/box_loss": 0.018901659175753593, "val/obj_loss": 0.005397764500230551, "val/cls_loss": 0.00021801174443680793, "x/lr0": 0.00112, "x/lr1": 0.00112, "x/lr2": 0.00112, "_timestamp": 1674162952.7615798, "_runtime": 18628.549676656723, "_step": 150, "BoundingBoxDebugger": {"_type": "images/separated", "width": 384, "height": 672, "format": "png", "count": 16, "filenames": ["media/images/BoundingBoxDebugger_149_10dea3fdefb464372aac.png", "media/images/BoundingBoxDebugger_149_cda961c2e2f6712386ef.png", "media/images/BoundingBoxDebugger_149_1ba241f8341c7363b641.png", "media/images/BoundingBoxDebugger_149_a3a6c08c3a57a1a8d560.png", "media/images/BoundingBoxDebugger_149_f30a9e94396daf7ced8c.png", "media/images/BoundingBoxDebugger_149_576955b96e7a80c3415d.png", "media/images/BoundingBoxDebugger_149_17bb44e133d775da4edb.png", "media/images/BoundingBoxDebugger_149_aaaabe65d24f7f5d34ee.png", "media/images/BoundingBoxDebugger_149_0450656a17d92e39598c.png", "media/images/BoundingBoxDebugger_149_b33a12e02fb221a708cf.png", "media/images/BoundingBoxDebugger_149_c983972cb5685ac1c6ed.png", "media/images/BoundingBoxDebugger_149_e725ed1024e928aaa89c.png", "media/images/BoundingBoxDebugger_149_5be2caaaf2520a6e3a35.png", "media/images/BoundingBoxDebugger_149_3961dea2e72688a33401.png", "media/images/BoundingBoxDebugger_149_d87300c945803c654bde.png", "media/images/BoundingBoxDebugger_149_02a4c390ace19d78c99f.png"], "captions": ["VID_20220427_151320_frame_107.jpg", "VID_20220502_171414_frame_373.jpg", "VID_20220502_171414_frame_384.jpg", "VID_20220502_171414_frame_387.jpg", "VID_20220502_171414_frame_505.jpg", "VID_20220502_171414_frame_535.jpg", "VID_20220502_171414_frame_537.jpg", "VID_20220502_171414_frame_541.jpg", "VID_20220502_171414_frame_548.jpg", "VID_20220502_171414_frame_549.jpg", "VID_20220502_171414_frame_554.jpg", "VID_20220502_171414_frame_555.jpg", "VID_20220502_171414_frame_64.jpg", "VID_20220502_171414_frame_67.jpg", "VID_20220502_171414_frame_372.jpg", "VID_20220502_171414_frame_75.jpg"], "all_boxes": [{"predictions": {"_type": "boxes2D", "sha256": "c4e032dfbece5305e39cb546cd1396dc651bb64b3bfa56640499469e52cf888e", "size": 1826, "path": "media/metadata/boxes2D/BoundingBoxDebugger_149_c4e032dfbece5305e39c.boxes2D.json"}}, {"predictions": {"_type": "boxes2D", "sha256": "e4581f0e313178d78cbb16d9ee5d5ba6d0019d8a9c0844671336abaf97616c69", "size": 1442, "path": "media/metadata/boxes2D/BoundingBoxDebugger_149_e4581f0e313178d78cbb.boxes2D.json"}}, {"predictions": {"_type": "boxes2D", "sha256": "8964ffb8399793fa1ad801afb79220f1b0035d9203654fab294f480ad16275a7", "size": 3004, "path": "media/metadata/boxes2D/BoundingBoxDebugger_149_8964ffb8399793fa1ad8.boxes2D.json"}}, {"predictions": {"_type": "boxes2D", "sha256": "7dff3a6dd87b59f54d6556248d1a48874be3166e1249ac8c0bf4375c44713c14", "size": 2819, "path": "media/metadata/boxes2D/BoundingBoxDebugger_149_7dff3a6dd87b59f54d65.boxes2D.json"}}, {"predictions": {"_type": "boxes2D", "sha256": "a7789967e6f4f6f5510f68c345804d4d306d3902e45a5cd3d54b8f54c584be83", "size": 2817, "path": "media/metadata/boxes2D/BoundingBoxDebugger_149_a7789967e6f4f6f5510f.boxes2D.json"}}, {"predictions": {"_type": "boxes2D", "sha256": "da2665d90c2bad70f82d9ad419146d70725969e6ea7a5620fd9558127b5421e9", "size": 1837, "path": "media/metadata/boxes2D/BoundingBoxDebugger_149_da2665d90c2bad70f82d.boxes2D.json"}}, {"predictions": {"_type": "boxes2D", "sha256": "5e119e3fd30552c34b116af3796bbbab844614d56d0b914f4a230590b9e89fd3", "size": 1653, "path": "media/metadata/boxes2D/BoundingBoxDebugger_149_5e119e3fd30552c34b11.boxes2D.json"}}, {"predictions": {"_type": "boxes2D", "sha256": "f7bff3c9d576ec39ab11e422ab05157c582dd08d5d88b38a1941578bb6ba430d", "size": 1843, "path": "media/metadata/boxes2D/BoundingBoxDebugger_149_f7bff3c9d576ec39ab11.boxes2D.json"}}, {"predictions": {"_type": "boxes2D", "sha256": "6374883019432dfa9a81077bfd6f98b414766176a0dbd108cb6ccfdd622cc84e", "size": 2047, "path": "media/metadata/boxes2D/BoundingBoxDebugger_149_6374883019432dfa9a81.boxes2D.json"}}, {"predictions": {"_type": "boxes2D", "sha256": "a0d352145c13e6108ef72c8cb4da34087fe25b51bd192fdf3679ce85dfeeb755", "size": 1253, "path": "media/metadata/boxes2D/BoundingBoxDebugger_149_a0d352145c13e6108ef7.boxes2D.json"}}, {"predictions": {"_type": "boxes2D", "sha256": "27f8611f47fe124c66378f7355754740e19120d8f4af36bacb633f2f204cc23a", "size": 2038, "path": "media/metadata/boxes2D/BoundingBoxDebugger_149_27f8611f47fe124c6637.boxes2D.json"}}, {"predictions": {"_type": "boxes2D", "sha256": "4decb7eeb67a4382c23e16ee47b28d44756d787a61979d536fc6484aa8b46b4b", "size": 1856, "path": "media/metadata/boxes2D/BoundingBoxDebugger_149_4decb7eeb67a4382c23e.boxes2D.json"}}, {"predictions": {"_type": "boxes2D", "sha256": "b51287c322f3b95c1e0ed57ac7dcfb1b5f2cc4714d2dfe9e411e45cefc83f1ca", "size": 851, "path": "media/metadata/boxes2D/BoundingBoxDebugger_149_b51287c322f3b95c1e0e.boxes2D.json"}}, {"predictions": {"_type": "boxes2D", "sha256": "1d0b7a090de184b515f4d95f1826f773e6b5c224473d1b006d2543177005d8cb", "size": 1252, "path": "media/metadata/boxes2D/BoundingBoxDebugger_149_1d0b7a090de184b515f4.boxes2D.json"}}, {"predictions": {"_type": "boxes2D", "sha256": "58a6c1bf39b7825a3b4fa78e3be22d72b825f8500054fe138fe47adb89bbdfb9", "size": 2427, "path": "media/metadata/boxes2D/BoundingBoxDebugger_149_58a6c1bf39b7825a3b4f.boxes2D.json"}}, {"predictions": {"_type": "boxes2D", "sha256": "52aabe1607383169ec0a5a936e61c75d5bed45cf0d27e28eb9aebeb1ef2c12c1", "size": 1255, "path": "media/metadata/boxes2D/BoundingBoxDebugger_149_52aabe1607383169ec0a.boxes2D.json"}}]}, "Validation": {"_type": "images/separated", "width": 1100, "height": 1920, "format": "jpg", "count": 6, "filenames": ["media/images/Validation_150_da1d5a7f2ba8737c8d50.jpg", "media/images/Validation_150_1f878ec061bedc0d3f1c.jpg", "media/images/Validation_150_761a55393c2e5bfae812.jpg", "media/images/Validation_150_55fb8e1886f2fde9cef6.jpg", "media/images/Validation_150_58627c160eeb33245c1c.jpg", "media/images/Validation_150_17bf029190ff7e0fdf3a.jpg"], "captions": ["val_batch0_labels.jpg", "val_batch0_pred.jpg", "val_batch1_labels.jpg", "val_batch1_pred.jpg", "val_batch2_labels.jpg", "val_batch2_pred.jpg"]}, "Results": {"_type": "images/separated", "width": 2400, "height": 1200, "format": "png", "count": 6, "filenames": ["media/images/Results_150_55318f8f07f8083d0426.png", "media/images/Results_150_97428b1a04ea437ffb9f.png", "media/images/Results_150_c68ebfed7be5a059cb51.png", "media/images/Results_150_4bfb8ec9648b04c803b4.png", "media/images/Results_150_5722604414f85fb289cf.png", "media/images/Results_150_6ef924de466040c6c1cb.png"], "captions": ["results.png", "confusion_matrix.png", "F1_curve.png", "PR_curve.png", "P_curve.png", "R_curve.png"]}, "_wandb": {"runtime": 18627}}